clade	gene	site	alt
A	nuc	246	C
A	nuc	607	G
A	nuc	816	A

B	nuc	162	G

B1	VP1	193	P
B1	nuc	577	C

B2	nuc	559	C
B2	nuc	679	T

B1a	clade	B1
B1a	nuc	318	C

B1b	clade	B1
B1b	nuc	60	G
B1b	nuc	276	C

B1c	nuc	452	T
B1c	nuc	453	A
B1c	nuc	724	G

B1a.1	clade	B1a
B1a.1	nuc	777	A

B1a.2	clade	B1a
B1a.2	nuc	355	T

B1a.3	clade	B1a
B1a.3	nuc	889	T

B1a.4	clade	B1a.3
B1a.4	nuc	90	T

B1b.1	clade	B1b
B1b.1	nuc	276	T
B1b.1	nuc	661	G

B1b.2	nuc	601	T
B1b.2	VP1	201	L

B1b.3	nuc	888	G

B1b.4	clade	B1b.3
B1b.4	nuc	452	T

B1b.5	clade	B1b.4
B1b.5	nuc	637	C